objective_parameter,scenario_of_interest,robustness_metric,year,flood_agr,Value,normalized_values,pw_combi
Crop_Loss,D,average,20,00,34.48,1.0,00_00_00_00
Crop_Loss,D,average,20,01,34.75,1.01,01_00_00_00
Crop_Loss,D,average,20,03,35.51,1.03,03_00_00_00
Crop_Loss,D,average,20,05,33.48,0.97,05_00_00_00
Crop_Loss,D,average,20,07,33.48,0.97,07_00_00_00
Crop_Loss,D,average,20,09,34.48,1.0,09_00_00_00
Crop_Loss,D,average,20,11,34.75,1.01,11_00_00_00
Crop_Loss,D,average,20,13,34.33,1.0,13_00_00_00
Crop_Loss,D,average,60,00,122.99,1.0,00_00_00_00
Crop_Loss,D,average,60,01,133.36,1.08,01_00_00_00
Crop_Loss,D,average,60,03,141.52,1.15,03_00_00_00
Crop_Loss,D,average,60,05,115.28,0.94,05_00_00_00
Crop_Loss,D,average,60,07,115.0,0.94,07_00_00_00
Crop_Loss,D,average,60,09,128.11,1.04,09_00_00_00
Crop_Loss,D,average,60,11,129.05,1.05,11_00_00_00
Crop_Loss,D,average,60,13,120.64,0.98,13_00_00_00
Crop_Loss,D,average,100,00,196.53,1.0,00_00_00_00
Crop_Loss,D,average,100,01,231.22,1.18,01_00_00_00
Crop_Loss,D,average,100,03,244.02,1.24,03_00_00_00
Crop_Loss,D,average,100,05,178.27,0.91,05_00_00_00
Crop_Loss,D,average,100,07,178.8,0.91,07_00_00_00
Crop_Loss,D,average,100,09,220.47,1.12,09_00_00_00
Crop_Loss,D,average,100,11,212.34,1.08,11_00_00_00
Crop_Loss,D,average,100,13,187.61,0.95,13_00_00_00
Crop_Loss,D&G,average,20,00,35.2,1.0,00_00_00_00
Crop_Loss,D&G,average,20,01,35.48,1.01,01_00_00_00
Crop_Loss,D&G,average,20,03,36.29,1.03,03_00_00_00
Crop_Loss,D&G,average,20,05,33.83,0.96,05_00_00_00
Crop_Loss,D&G,average,20,07,33.83,0.96,07_00_00_00
Crop_Loss,D&G,average,20,09,35.2,1.0,09_00_00_00
Crop_Loss,D&G,average,20,11,35.48,1.01,11_00_00_00
Crop_Loss,D&G,average,20,13,35.05,1.0,13_00_00_00
Crop_Loss,D&G,average,60,00,129.66,1.0,00_00_00_00
Crop_Loss,D&G,average,60,01,142.77,1.1,01_00_00_00
Crop_Loss,D&G,average,60,03,149.02,1.15,03_00_00_00
Crop_Loss,D&G,average,60,05,120.45,0.93,05_00_00_00
Crop_Loss,D&G,average,60,07,120.2,0.93,07_00_00_00
Crop_Loss,D&G,average,60,09,137.48,1.06,09_00_00_00
Crop_Loss,D&G,average,60,11,136.17,1.05,11_00_00_00
Crop_Loss,D&G,average,60,13,125.41,0.97,13_00_00_00
Crop_Loss,D&G,average,100,00,214.42,1.0,00_00_00_00
Crop_Loss,D&G,average,100,01,251.98,1.18,01_00_00_00
Crop_Loss,D&G,average,100,03,261.68,1.22,03_00_00_00
Crop_Loss,D&G,average,100,05,191.03,0.89,05_00_00_00
Crop_Loss,D&G,average,100,07,191.63,0.89,07_00_00_00
Crop_Loss,D&G,average,100,09,242.62,1.13,09_00_00_00
Crop_Loss,D&G,average,100,11,233.25,1.09,11_00_00_00
Crop_Loss,D&G,average,100,13,199.95,0.93,13_00_00_00
Crop_Loss,D&G&Wp,average,20,00,40.61,1.0,00_00_00_00
Crop_Loss,D&G&Wp,average,20,01,40.98,1.01,01_00_00_00
Crop_Loss,D&G&Wp,average,20,03,41.66,1.03,03_00_00_00
Crop_Loss,D&G&Wp,average,20,05,39.48,0.97,05_00_00_00
Crop_Loss,D&G&Wp,average,20,07,39.48,0.97,07_00_00_00
Crop_Loss,D&G&Wp,average,20,09,40.61,1.0,09_00_00_00
Crop_Loss,D&G&Wp,average,20,11,40.98,1.01,11_00_00_00
Crop_Loss,D&G&Wp,average,20,13,40.49,1.0,13_00_00_00
Crop_Loss,D&G&Wp,average,60,00,178.62,1.0,00_00_00_00
Crop_Loss,D&G&Wp,average,60,01,194.68,1.09,01_00_00_00
Crop_Loss,D&G&Wp,average,60,03,200.5,1.12,03_00_00_00
Crop_Loss,D&G&Wp,average,60,05,167.86,0.94,05_00_00_00
Crop_Loss,D&G&Wp,average,60,07,168.49,0.94,07_00_00_00
Crop_Loss,D&G&Wp,average,60,09,188.92,1.06,09_00_00_00
Crop_Loss,D&G&Wp,average,60,11,187.98,1.05,11_00_00_00
Crop_Loss,D&G&Wp,average,60,13,172.84,0.97,13_00_00_00
Crop_Loss,D&G&Wp,average,100,00,341.08,1.0,00_00_00_00
Crop_Loss,D&G&Wp,average,100,01,382.66,1.12,01_00_00_00
Crop_Loss,D&G&Wp,average,100,03,391.13,1.15,03_00_00_00
Crop_Loss,D&G&Wp,average,100,05,314.04,0.92,05_00_00_00
Crop_Loss,D&G&Wp,average,100,07,316.27,0.93,07_00_00_00
Crop_Loss,D&G&Wp,average,100,09,374.96,1.1,09_00_00_00
Crop_Loss,D&G&Wp,average,100,11,367.89,1.08,11_00_00_00
Crop_Loss,D&G&Wp,average,100,13,322.84,0.95,13_00_00_00
Crop_Loss,D&Wp,average,20,00,42.96,1.0,00_00_00_00
Crop_Loss,D&Wp,average,20,01,43.37,1.01,01_00_00_00
Crop_Loss,D&Wp,average,20,03,43.95,1.02,03_00_00_00
Crop_Loss,D&Wp,average,20,05,42.14,0.98,05_00_00_00
Crop_Loss,D&Wp,average,20,07,42.14,0.98,07_00_00_00
Crop_Loss,D&Wp,average,20,09,42.96,1.0,09_00_00_00
Crop_Loss,D&Wp,average,20,11,43.37,1.01,11_00_00_00
Crop_Loss,D&Wp,average,20,13,42.85,1.0,13_00_00_00
Crop_Loss,D&Wp,average,60,00,199.77,1.0,00_00_00_00
Crop_Loss,D&Wp,average,60,01,215.92,1.08,01_00_00_00
Crop_Loss,D&Wp,average,60,03,222.5,1.11,03_00_00_00
Crop_Loss,D&Wp,average,60,05,188.97,0.95,05_00_00_00
Crop_Loss,D&Wp,average,60,07,190.04,0.95,07_00_00_00
Crop_Loss,D&Wp,average,60,09,209.96,1.05,09_00_00_00
Crop_Loss,D&Wp,average,60,11,210.33,1.05,11_00_00_00
Crop_Loss,D&Wp,average,60,13,194.17,0.97,13_00_00_00
Crop_Loss,D&Wp,average,100,00,395.46,1.0,00_00_00_00
Crop_Loss,D&Wp,average,100,01,437.62,1.11,01_00_00_00
Crop_Loss,D&Wp,average,100,03,447.03,1.13,03_00_00_00
Crop_Loss,D&Wp,average,100,05,369.16,0.93,05_00_00_00
Crop_Loss,D&Wp,average,100,07,372.18,0.94,07_00_00_00
Crop_Loss,D&Wp,average,100,09,430.05,1.09,09_00_00_00
Crop_Loss,D&Wp,average,100,11,424.76,1.07,11_00_00_00
Crop_Loss,D&Wp,average,100,13,378.11,0.96,13_00_00_00
Crop_Loss,G,average,20,00,35.91,1.0,00_00_00_00
Crop_Loss,G,average,20,01,36.21,1.01,01_00_00_00
Crop_Loss,G,average,20,03,37.06,1.03,03_00_00_00
Crop_Loss,G,average,20,05,34.17,0.95,05_00_00_00
Crop_Loss,G,average,20,07,34.17,0.95,07_00_00_00
Crop_Loss,G,average,20,09,35.91,1.0,09_00_00_00
Crop_Loss,G,average,20,11,36.21,1.01,11_00_00_00
Crop_Loss,G,average,20,13,35.77,1.0,13_00_00_00
Crop_Loss,G,average,60,00,136.34,1.0,00_00_00_00
Crop_Loss,G,average,60,01,152.18,1.12,01_00_00_00
Crop_Loss,G,average,60,03,156.51,1.15,03_00_00_00
Crop_Loss,G,average,60,05,125.63,0.92,05_00_00_00
Crop_Loss,G,average,60,07,125.39,0.92,07_00_00_00
Crop_Loss,G,average,60,09,146.84,1.08,09_00_00_00
Crop_Loss,G,average,60,11,143.28,1.05,11_00_00_00
Crop_Loss,G,average,60,13,130.18,0.95,13_00_00_00
Crop_Loss,G,average,100,00,232.32,1.0,00_00_00_00
Crop_Loss,G,average,100,01,272.73,1.17,01_00_00_00
Crop_Loss,G,average,100,03,279.33,1.2,03_00_00_00
Crop_Loss,G,average,100,05,203.78,0.88,05_00_00_00
Crop_Loss,G,average,100,07,204.45,0.88,07_00_00_00
Crop_Loss,G,average,100,09,264.77,1.14,09_00_00_00
Crop_Loss,G,average,100,11,254.16,1.09,11_00_00_00
Crop_Loss,G,average,100,13,212.29,0.91,13_00_00_00
Crop_Loss,G&Wp,average,20,00,43.68,1.0,00_00_00_00
Crop_Loss,G&Wp,average,20,01,44.1,1.01,01_00_00_00
Crop_Loss,G&Wp,average,20,03,44.73,1.02,03_00_00_00
Crop_Loss,G&Wp,average,20,05,42.48,0.97,05_00_00_00
Crop_Loss,G&Wp,average,20,07,42.48,0.97,07_00_00_00
Crop_Loss,G&Wp,average,20,09,43.68,1.0,09_00_00_00
Crop_Loss,G&Wp,average,20,11,44.1,1.01,11_00_00_00
Crop_Loss,G&Wp,average,20,13,43.56,1.0,13_00_00_00
Crop_Loss,G&Wp,average,60,00,206.44,1.0,00_00_00_00
Crop_Loss,G&Wp,average,60,01,225.34,1.09,01_00_00_00
Crop_Loss,G&Wp,average,60,03,229.99,1.11,03_00_00_00
Crop_Loss,G&Wp,average,60,05,194.15,0.94,05_00_00_00
Crop_Loss,G&Wp,average,60,07,195.23,0.95,07_00_00_00
Crop_Loss,G&Wp,average,60,09,219.33,1.06,09_00_00_00
Crop_Loss,G&Wp,average,60,11,217.45,1.05,11_00_00_00
Crop_Loss,G&Wp,average,60,13,198.94,0.96,13_00_00_00
Crop_Loss,G&Wp,average,100,00,413.36,1.0,00_00_00_00
Crop_Loss,G&Wp,average,100,01,458.37,1.11,01_00_00_00
Crop_Loss,G&Wp,average,100,03,464.68,1.12,03_00_00_00
Crop_Loss,G&Wp,average,100,05,381.92,0.92,05_00_00_00
Crop_Loss,G&Wp,average,100,07,385.0,0.93,07_00_00_00
Crop_Loss,G&Wp,average,100,09,452.2,1.09,09_00_00_00
Crop_Loss,G&Wp,average,100,11,445.67,1.08,11_00_00_00
Crop_Loss,G&Wp,average,100,13,390.45,0.94,13_00_00_00
Crop_Loss,Wp,average,20,00,51.44,1.0,00_00_00_00
Crop_Loss,Wp,average,20,01,51.99,1.01,01_00_00_00
Crop_Loss,Wp,average,20,03,52.4,1.02,03_00_00_00
Crop_Loss,Wp,average,20,05,50.79,0.99,05_00_00_00
Crop_Loss,Wp,average,20,07,50.79,0.99,07_00_00_00
Crop_Loss,Wp,average,20,09,51.44,1.0,09_00_00_00
Crop_Loss,Wp,average,20,11,51.99,1.01,11_00_00_00
Crop_Loss,Wp,average,20,13,51.36,1.0,13_00_00_00
Crop_Loss,Wp,average,60,00,276.55,1.0,00_00_00_00
Crop_Loss,Wp,average,60,01,298.49,1.08,01_00_00_00
Crop_Loss,Wp,average,60,03,303.48,1.1,03_00_00_00
Crop_Loss,Wp,average,60,05,262.67,0.95,05_00_00_00
Crop_Loss,Wp,average,60,07,265.07,0.96,07_00_00_00
Crop_Loss,Wp,average,60,09,291.82,1.06,09_00_00_00
Crop_Loss,Wp,average,60,11,291.61,1.05,11_00_00_00
Crop_Loss,Wp,average,60,13,267.69,0.97,13_00_00_00
Crop_Loss,Wp,average,100,00,594.4,1.0,00_00_00_00
Crop_Loss,Wp,average,100,01,644.02,1.08,01_00_00_00
Crop_Loss,Wp,average,100,03,650.04,1.09,03_00_00_00
Crop_Loss,Wp,average,100,05,560.06,0.94,05_00_00_00
Crop_Loss,Wp,average,100,07,565.55,0.95,07_00_00_00
Crop_Loss,Wp,average,100,09,639.63,1.08,09_00_00_00
Crop_Loss,Wp,average,100,11,637.18,1.07,11_00_00_00
Crop_Loss,Wp,average,100,13,568.61,0.96,13_00_00_00
Farmer_Flood_Measure_Costs,D,average,20,00,0.0,0.0,00_00_00_00
Farmer_Flood_Measure_Costs,D,average,20,01,0.07,0.0,01_00_00_00
Farmer_Flood_Measure_Costs,D,average,20,03,0.04,0.0,03_00_00_00
Farmer_Flood_Measure_Costs,D,average,20,05,33.6,0.22,05_00_00_00
Farmer_Flood_Measure_Costs,D,average,20,07,42.6,0.28,07_00_00_00
Farmer_Flood_Measure_Costs,D,average,20,09,5.0,0.03,09_00_00_00
Farmer_Flood_Measure_Costs,D,average,20,11,0.07,0.0,11_00_00_00
Farmer_Flood_Measure_Costs,D,average,20,13,0.72,0.0,13_00_00_00
Farmer_Flood_Measure_Costs,D,average,60,00,0.0,0.0,00_00_00_00
Farmer_Flood_Measure_Costs,D,average,60,01,12.67,0.04,01_00_00_00
Farmer_Flood_Measure_Costs,D,average,60,03,11.93,0.03,03_00_00_00
Farmer_Flood_Measure_Costs,D,average,60,05,118.0,0.34,05_00_00_00
Farmer_Flood_Measure_Costs,D,average,60,07,113.67,0.32,07_00_00_00
Farmer_Flood_Measure_Costs,D,average,60,09,84.33,0.24,09_00_00_00
Farmer_Flood_Measure_Costs,D,average,60,11,24.34,0.07,11_00_00_00
Farmer_Flood_Measure_Costs,D,average,60,13,79.24,0.23,13_00_00_00
Farmer_Flood_Measure_Costs,D,average,100,00,0.0,0.0,00_00_00_00
Farmer_Flood_Measure_Costs,D,average,100,01,15.07,0.03,01_00_00_00
Farmer_Flood_Measure_Costs,D,average,100,03,13.78,0.03,03_00_00_00
Farmer_Flood_Measure_Costs,D,average,100,05,140.4,0.28,05_00_00_00
Farmer_Flood_Measure_Costs,D,average,100,07,142.28,0.28,07_00_00_00
Farmer_Flood_Measure_Costs,D,average,100,09,205.22,0.41,09_00_00_00
Farmer_Flood_Measure_Costs,D,average,100,11,111.62,0.22,11_00_00_00
Farmer_Flood_Measure_Costs,D,average,100,13,132.75,0.27,13_00_00_00
Farmer_Flood_Measure_Costs,D&G,average,20,00,0.0,0.0,00_00_00_00
Farmer_Flood_Measure_Costs,D&G,average,20,01,0.08,0.0,01_00_00_00
Farmer_Flood_Measure_Costs,D&G,average,20,03,0.05,0.0,03_00_00_00
Farmer_Flood_Measure_Costs,D&G,average,20,05,33.6,0.22,05_00_00_00
Farmer_Flood_Measure_Costs,D&G,average,20,07,42.6,0.28,07_00_00_00
Farmer_Flood_Measure_Costs,D&G,average,20,09,5.51,0.04,09_00_00_00
Farmer_Flood_Measure_Costs,D&G,average,20,11,0.08,0.0,11_00_00_00
Farmer_Flood_Measure_Costs,D&G,average,20,13,0.76,0.01,13_00_00_00
Farmer_Flood_Measure_Costs,D&G,average,60,00,0.0,0.0,00_00_00_00
Farmer_Flood_Measure_Costs,D&G,average,60,01,23.95,0.07,01_00_00_00
Farmer_Flood_Measure_Costs,D&G,average,60,03,17.62,0.05,03_00_00_00
Farmer_Flood_Measure_Costs,D&G,average,60,05,118.0,0.34,05_00_00_00
Farmer_Flood_Measure_Costs,D&G,average,60,07,113.67,0.32,07_00_00_00
Farmer_Flood_Measure_Costs,D&G,average,60,09,85.09,0.24,09_00_00_00
Farmer_Flood_Measure_Costs,D&G,average,60,11,35.96,0.1,11_00_00_00
Farmer_Flood_Measure_Costs,D&G,average,60,13,79.3,0.23,13_00_00_00
Farmer_Flood_Measure_Costs,D&G,average,100,00,0.0,0.0,00_00_00_00
Farmer_Flood_Measure_Costs,D&G,average,100,01,39.11,0.08,01_00_00_00
Farmer_Flood_Measure_Costs,D&G,average,100,03,30.78,0.06,03_00_00_00
Farmer_Flood_Measure_Costs,D&G,average,100,05,140.4,0.28,05_00_00_00
Farmer_Flood_Measure_Costs,D&G,average,100,07,142.28,0.28,07_00_00_00
Farmer_Flood_Measure_Costs,D&G,average,100,09,223.58,0.45,09_00_00_00
Farmer_Flood_Measure_Costs,D&G,average,100,11,151.96,0.3,11_00_00_00
Farmer_Flood_Measure_Costs,D&G,average,100,13,147.06,0.29,13_00_00_00
Farmer_Flood_Measure_Costs,D&G&Wp,average,20,00,0.0,0.0,00_00_00_00
Farmer_Flood_Measure_Costs,D&G&Wp,average,20,01,0.08,0.0,01_00_00_00
Farmer_Flood_Measure_Costs,D&G&Wp,average,20,03,0.04,0.0,03_00_00_00
Farmer_Flood_Measure_Costs,D&G&Wp,average,20,05,33.6,0.22,05_00_00_00
Farmer_Flood_Measure_Costs,D&G&Wp,average,20,07,42.6,0.28,07_00_00_00
Farmer_Flood_Measure_Costs,D&G&Wp,average,20,09,5.23,0.03,09_00_00_00
Farmer_Flood_Measure_Costs,D&G&Wp,average,20,11,0.08,0.0,11_00_00_00
Farmer_Flood_Measure_Costs,D&G&Wp,average,20,13,0.74,0.0,13_00_00_00
Farmer_Flood_Measure_Costs,D&G&Wp,average,60,00,0.0,0.0,00_00_00_00
Farmer_Flood_Measure_Costs,D&G&Wp,average,60,01,31.52,0.09,01_00_00_00
Farmer_Flood_Measure_Costs,D&G&Wp,average,60,03,27.15,0.08,03_00_00_00
Farmer_Flood_Measure_Costs,D&G&Wp,average,60,05,125.47,0.36,05_00_00_00
Farmer_Flood_Measure_Costs,D&G&Wp,average,60,07,123.19,0.35,07_00_00_00
Farmer_Flood_Measure_Costs,D&G&Wp,average,60,09,93.15,0.27,09_00_00_00
Farmer_Flood_Measure_Costs,D&G&Wp,average,60,11,46.5,0.13,11_00_00_00
Farmer_Flood_Measure_Costs,D&G&Wp,average,60,13,89.2,0.25,13_00_00_00
Farmer_Flood_Measure_Costs,D&G&Wp,average,100,00,0.0,0.0,00_00_00_00
Farmer_Flood_Measure_Costs,D&G&Wp,average,100,01,69.72,0.14,01_00_00_00
Farmer_Flood_Measure_Costs,D&G&Wp,average,100,03,63.95,0.13,03_00_00_00
Farmer_Flood_Measure_Costs,D&G&Wp,average,100,05,145.13,0.29,05_00_00_00
Farmer_Flood_Measure_Costs,D&G&Wp,average,100,07,142.4,0.28,07_00_00_00
Farmer_Flood_Measure_Costs,D&G&Wp,average,100,09,264.7,0.53,09_00_00_00
Farmer_Flood_Measure_Costs,D&G&Wp,average,100,11,209.23,0.42,11_00_00_00
Farmer_Flood_Measure_Costs,D&G&Wp,average,100,13,152.61,0.31,13_00_00_00
Farmer_Flood_Measure_Costs,D&Wp,average,20,00,0.0,0.0,00_00_00_00
Farmer_Flood_Measure_Costs,D&Wp,average,20,01,0.07,0.0,01_00_00_00
Farmer_Flood_Measure_Costs,D&Wp,average,20,03,0.04,0.0,03_00_00_00
Farmer_Flood_Measure_Costs,D&Wp,average,20,05,33.6,0.22,05_00_00_00
Farmer_Flood_Measure_Costs,D&Wp,average,20,07,42.6,0.28,07_00_00_00
Farmer_Flood_Measure_Costs,D&Wp,average,20,09,4.84,0.03,09_00_00_00
Farmer_Flood_Measure_Costs,D&Wp,average,20,11,0.07,0.0,11_00_00_00
Farmer_Flood_Measure_Costs,D&Wp,average,20,13,0.7,0.0,13_00_00_00
Farmer_Flood_Measure_Costs,D&Wp,average,60,00,0.0,0.0,00_00_00_00
Farmer_Flood_Measure_Costs,D&Wp,average,60,01,29.66,0.08,01_00_00_00
Farmer_Flood_Measure_Costs,D&Wp,average,60,03,29.07,0.08,03_00_00_00
Farmer_Flood_Measure_Costs,D&Wp,average,60,05,129.2,0.37,05_00_00_00
Farmer_Flood_Measure_Costs,D&Wp,average,60,07,127.95,0.37,07_00_00_00
Farmer_Flood_Measure_Costs,D&Wp,average,60,09,96.81,0.28,09_00_00_00
Farmer_Flood_Measure_Costs,D&Wp,average,60,11,45.97,0.13,11_00_00_00
Farmer_Flood_Measure_Costs,D&Wp,average,60,13,94.12,0.27,13_00_00_00
Farmer_Flood_Measure_Costs,D&Wp,average,100,00,0.0,0.0,00_00_00_00
Farmer_Flood_Measure_Costs,D&Wp,average,100,01,73.0,0.15,01_00_00_00
Farmer_Flood_Measure_Costs,D&Wp,average,100,03,72.04,0.14,03_00_00_00
Farmer_Flood_Measure_Costs,D&Wp,average,100,05,147.5,0.29,05_00_00_00
Farmer_Flood_Measure_Costs,D&Wp,average,100,07,142.47,0.28,07_00_00_00
Farmer_Flood_Measure_Costs,D&Wp,average,100,09,276.08,0.55,09_00_00_00
Farmer_Flood_Measure_Costs,D&Wp,average,100,11,217.7,0.44,11_00_00_00
Farmer_Flood_Measure_Costs,D&Wp,average,100,13,148.23,0.3,13_00_00_00
Farmer_Flood_Measure_Costs,G,average,20,00,0.0,0.0,00_00_00_00
Farmer_Flood_Measure_Costs,G,average,20,01,0.09,0.0,01_00_00_00
Farmer_Flood_Measure_Costs,G,average,20,03,0.05,0.0,03_00_00_00
Farmer_Flood_Measure_Costs,G,average,20,05,33.6,0.22,05_00_00_00
Farmer_Flood_Measure_Costs,G,average,20,07,42.6,0.28,07_00_00_00
Farmer_Flood_Measure_Costs,G,average,20,09,6.01,0.04,09_00_00_00
Farmer_Flood_Measure_Costs,G,average,20,11,0.09,0.0,11_00_00_00
Farmer_Flood_Measure_Costs,G,average,20,13,0.81,0.01,13_00_00_00
Farmer_Flood_Measure_Costs,G,average,60,00,0.0,0.0,00_00_00_00
Farmer_Flood_Measure_Costs,G,average,60,01,35.23,0.1,01_00_00_00
Farmer_Flood_Measure_Costs,G,average,60,03,23.3,0.07,03_00_00_00
Farmer_Flood_Measure_Costs,G,average,60,05,118.0,0.34,05_00_00_00
Farmer_Flood_Measure_Costs,G,average,60,07,113.67,0.32,07_00_00_00
Farmer_Flood_Measure_Costs,G,average,60,09,85.84,0.25,09_00_00_00
Farmer_Flood_Measure_Costs,G,average,60,11,47.57,0.14,11_00_00_00
Farmer_Flood_Measure_Costs,G,average,60,13,79.36,0.23,13_00_00_00
Farmer_Flood_Measure_Costs,G,average,100,00,0.0,0.0,00_00_00_00
Farmer_Flood_Measure_Costs,G,average,100,01,63.15,0.13,01_00_00_00
Farmer_Flood_Measure_Costs,G,average,100,03,47.78,0.1,03_00_00_00
Farmer_Flood_Measure_Costs,G,average,100,05,140.4,0.28,05_00_00_00
Farmer_Flood_Measure_Costs,G,average,100,07,142.28,0.28,07_00_00_00
Farmer_Flood_Measure_Costs,G,average,100,09,241.94,0.48,09_00_00_00
Farmer_Flood_Measure_Costs,G,average,100,11,192.3,0.38,11_00_00_00
Farmer_Flood_Measure_Costs,G,average,100,13,161.36,0.32,13_00_00_00
Farmer_Flood_Measure_Costs,G&Wp,average,20,00,0.0,0.0,00_00_00_00
Farmer_Flood_Measure_Costs,G&Wp,average,20,01,0.08,0.0,01_00_00_00
Farmer_Flood_Measure_Costs,G&Wp,average,20,03,0.04,0.0,03_00_00_00
Farmer_Flood_Measure_Costs,G&Wp,average,20,05,33.6,0.22,05_00_00_00
Farmer_Flood_Measure_Costs,G&Wp,average,20,07,42.6,0.28,07_00_00_00
Farmer_Flood_Measure_Costs,G&Wp,average,20,09,5.34,0.04,09_00_00_00
Farmer_Flood_Measure_Costs,G&Wp,average,20,11,0.08,0.0,11_00_00_00
Farmer_Flood_Measure_Costs,G&Wp,average,20,13,0.75,0.01,13_00_00_00
Farmer_Flood_Measure_Costs,G&Wp,average,60,00,0.0,0.0,00_00_00_00
Farmer_Flood_Measure_Costs,G&Wp,average,60,01,40.94,0.12,01_00_00_00
Farmer_Flood_Measure_Costs,G&Wp,average,60,03,34.75,0.1,03_00_00_00
Farmer_Flood_Measure_Costs,G&Wp,average,60,05,129.2,0.37,05_00_00_00
Farmer_Flood_Measure_Costs,G&Wp,average,60,07,127.95,0.37,07_00_00_00
Farmer_Flood_Measure_Costs,G&Wp,average,60,09,97.57,0.28,09_00_00_00
Farmer_Flood_Measure_Costs,G&Wp,average,60,11,57.58,0.16,11_00_00_00
Farmer_Flood_Measure_Costs,G&Wp,average,60,13,94.18,0.27,13_00_00_00
Farmer_Flood_Measure_Costs,G&Wp,average,100,00,0.0,0.0,00_00_00_00
Farmer_Flood_Measure_Costs,G&Wp,average,100,01,97.04,0.19,01_00_00_00
Farmer_Flood_Measure_Costs,G&Wp,average,100,03,89.04,0.18,03_00_00_00
Farmer_Flood_Measure_Costs,G&Wp,average,100,05,147.5,0.29,05_00_00_00
Farmer_Flood_Measure_Costs,G&Wp,average,100,07,142.47,0.28,07_00_00_00
Farmer_Flood_Measure_Costs,G&Wp,average,100,09,294.44,0.59,09_00_00_00
Farmer_Flood_Measure_Costs,G&Wp,average,100,11,258.04,0.52,11_00_00_00
Farmer_Flood_Measure_Costs,G&Wp,average,100,13,162.54,0.33,13_00_00_00
Farmer_Flood_Measure_Costs,Wp,average,20,00,0.0,0.0,00_00_00_00
Farmer_Flood_Measure_Costs,Wp,average,20,01,0.07,0.0,01_00_00_00
Farmer_Flood_Measure_Costs,Wp,average,20,03,0.04,0.0,03_00_00_00
Farmer_Flood_Measure_Costs,Wp,average,20,05,33.6,0.22,05_00_00_00
Farmer_Flood_Measure_Costs,Wp,average,20,07,42.6,0.28,07_00_00_00
Farmer_Flood_Measure_Costs,Wp,average,20,09,4.67,0.03,09_00_00_00
Farmer_Flood_Measure_Costs,Wp,average,20,11,0.07,0.0,11_00_00_00
Farmer_Flood_Measure_Costs,Wp,average,20,13,0.69,0.0,13_00_00_00
Farmer_Flood_Measure_Costs,Wp,average,60,00,0.0,0.0,00_00_00_00
Farmer_Flood_Measure_Costs,Wp,average,60,01,46.65,0.13,01_00_00_00
Farmer_Flood_Measure_Costs,Wp,average,60,03,46.21,0.13,03_00_00_00
Farmer_Flood_Measure_Costs,Wp,average,60,05,140.4,0.4,05_00_00_00
Farmer_Flood_Measure_Costs,Wp,average,60,07,142.23,0.41,07_00_00_00
Farmer_Flood_Measure_Costs,Wp,average,60,09,109.29,0.31,09_00_00_00
Farmer_Flood_Measure_Costs,Wp,average,60,11,67.59,0.19,11_00_00_00
Farmer_Flood_Measure_Costs,Wp,average,60,13,109.01,0.31,13_00_00_00
Farmer_Flood_Measure_Costs,Wp,average,100,00,0.0,0.0,00_00_00_00
Farmer_Flood_Measure_Costs,Wp,average,100,01,130.93,0.26,01_00_00_00
Farmer_Flood_Measure_Costs,Wp,average,100,03,130.3,0.26,03_00_00_00
Farmer_Flood_Measure_Costs,Wp,average,100,05,154.6,0.31,05_00_00_00
Farmer_Flood_Measure_Costs,Wp,average,100,07,142.65,0.29,07_00_00_00
Farmer_Flood_Measure_Costs,Wp,average,100,09,346.95,0.69,09_00_00_00
Farmer_Flood_Measure_Costs,Wp,average,100,11,323.78,0.65,11_00_00_00
Farmer_Flood_Measure_Costs,Wp,average,100,13,163.71,0.33,13_00_00_00
Farmer_Structural_Damage,D,average,20,00,37.35,1.0,00_00_00_00
Farmer_Structural_Damage,D,average,20,01,37.16,0.99,01_00_00_00
Farmer_Structural_Damage,D,average,20,03,36.71,0.98,03_00_00_00
Farmer_Structural_Damage,D,average,20,05,30.2,0.81,05_00_00_00
Farmer_Structural_Damage,D,average,20,07,30.2,0.81,07_00_00_00
Farmer_Structural_Damage,D,average,20,09,37.35,1.0,09_00_00_00
Farmer_Structural_Damage,D,average,20,11,37.16,0.99,11_00_00_00
Farmer_Structural_Damage,D,average,20,13,37.35,1.0,13_00_00_00
Farmer_Structural_Damage,D,average,60,00,131.28,1.0,00_00_00_00
Farmer_Structural_Damage,D,average,60,01,128.61,0.98,01_00_00_00
Farmer_Structural_Damage,D,average,60,03,124.77,0.95,03_00_00_00
Farmer_Structural_Damage,D,average,60,05,70.98,0.54,05_00_00_00
Farmer_Structural_Damage,D,average,60,07,67.74,0.52,07_00_00_00
Farmer_Structural_Damage,D,average,60,09,130.62,0.99,09_00_00_00
Farmer_Structural_Damage,D,average,60,11,129.28,0.98,11_00_00_00
Farmer_Structural_Damage,D,average,60,13,124.46,0.95,13_00_00_00
Farmer_Structural_Damage,D,average,100,00,198.53,1.0,00_00_00_00
Farmer_Structural_Damage,D,average,100,01,189.44,0.95,01_00_00_00
Farmer_Structural_Damage,D,average,100,03,183.52,0.92,03_00_00_00
Farmer_Structural_Damage,D,average,100,05,85.87,0.43,05_00_00_00
Farmer_Structural_Damage,D,average,100,07,82.62,0.42,07_00_00_00
Farmer_Structural_Damage,D,average,100,09,194.64,0.98,09_00_00_00
Farmer_Structural_Damage,D,average,100,11,194.0,0.98,11_00_00_00
Farmer_Structural_Damage,D,average,100,13,168.39,0.85,13_00_00_00
Farmer_Structural_Damage,D&G,average,20,00,40.5,1.0,00_00_00_00
Farmer_Structural_Damage,D&G,average,20,01,40.17,0.99,01_00_00_00
Farmer_Structural_Damage,D&G,average,20,03,39.45,0.97,03_00_00_00
Farmer_Structural_Damage,D&G,average,20,05,28.9,0.71,05_00_00_00
Farmer_Structural_Damage,D&G,average,20,07,28.9,0.71,07_00_00_00
Farmer_Structural_Damage,D&G,average,20,09,40.5,1.0,09_00_00_00
Farmer_Structural_Damage,D&G,average,20,11,40.17,0.99,11_00_00_00
Farmer_Structural_Damage,D&G,average,20,13,40.5,1.0,13_00_00_00
Farmer_Structural_Damage,D&G,average,60,00,151.36,1.0,00_00_00_00
Farmer_Structural_Damage,D&G,average,60,01,146.61,0.97,01_00_00_00
Farmer_Structural_Damage,D&G,average,60,03,143.28,0.95,03_00_00_00
Farmer_Structural_Damage,D&G,average,60,05,75.62,0.5,05_00_00_00
Farmer_Structural_Damage,D&G,average,60,07,72.33,0.48,07_00_00_00
Farmer_Structural_Damage,D&G,average,60,09,149.06,0.98,09_00_00_00
Farmer_Structural_Damage,D&G,average,60,11,148.91,0.98,11_00_00_00
Farmer_Structural_Damage,D&G,average,60,13,126.5,0.84,13_00_00_00
Farmer_Structural_Damage,D&G,average,100,00,254.13,1.0,00_00_00_00
Farmer_Structural_Damage,D&G,average,100,01,223.94,0.88,01_00_00_00
Farmer_Structural_Damage,D&G,average,100,03,218.54,0.86,03_00_00_00
Farmer_Structural_Damage,D&G,average,100,05,92.64,0.36,05_00_00_00
Farmer_Structural_Damage,D&G,average,100,07,89.34,0.35,07_00_00_00
Farmer_Structural_Damage,D&G,average,100,09,237.85,0.94,09_00_00_00
Farmer_Structural_Damage,D&G,average,100,11,239.01,0.94,11_00_00_00
Farmer_Structural_Damage,D&G,average,100,13,175.72,0.69,13_00_00_00
Farmer_Structural_Damage,D&G&Wp,average,20,00,43.53,1.0,00_00_00_00
Farmer_Structural_Damage,D&G&Wp,average,20,01,43.23,0.99,01_00_00_00
Farmer_Structural_Damage,D&G&Wp,average,20,03,42.62,0.98,03_00_00_00
Farmer_Structural_Damage,D&G&Wp,average,20,05,33.48,0.77,05_00_00_00
Farmer_Structural_Damage,D&G&Wp,average,20,07,33.48,0.77,07_00_00_00
Farmer_Structural_Damage,D&G&Wp,average,20,09,43.53,1.0,09_00_00_00
Farmer_Structural_Damage,D&G&Wp,average,20,11,43.23,0.99,11_00_00_00
Farmer_Structural_Damage,D&G&Wp,average,20,13,43.53,1.0,13_00_00_00
Farmer_Structural_Damage,D&G&Wp,average,60,00,183.58,1.0,00_00_00_00
Farmer_Structural_Damage,D&G&Wp,average,60,01,169.86,0.93,01_00_00_00
Farmer_Structural_Damage,D&G&Wp,average,60,03,166.24,0.91,03_00_00_00
Farmer_Structural_Damage,D&G&Wp,average,60,05,84.73,0.46,05_00_00_00
Farmer_Structural_Damage,D&G&Wp,average,60,07,82.53,0.45,07_00_00_00
Farmer_Structural_Damage,D&G&Wp,average,60,09,179.31,0.98,09_00_00_00
Farmer_Structural_Damage,D&G&Wp,average,60,11,179.68,0.98,11_00_00_00
Farmer_Structural_Damage,D&G&Wp,average,60,13,139.78,0.76,13_00_00_00
Farmer_Structural_Damage,D&G&Wp,average,100,00,360.08,1.0,00_00_00_00
Farmer_Structural_Damage,D&G&Wp,average,100,01,246.77,0.69,01_00_00_00
Farmer_Structural_Damage,D&G&Wp,average,100,03,247.27,0.69,03_00_00_00
Farmer_Structural_Damage,D&G&Wp,average,100,05,98.84,0.27,05_00_00_00
Farmer_Structural_Damage,D&G&Wp,average,100,07,94.85,0.26,07_00_00_00
Farmer_Structural_Damage,D&G&Wp,average,100,09,286.69,0.8,09_00_00_00
Farmer_Structural_Damage,D&G&Wp,average,100,11,292.88,0.81,11_00_00_00
Farmer_Structural_Damage,D&G&Wp,average,100,13,174.67,0.49,13_00_00_00
Farmer_Structural_Damage,D&Wp,average,20,00,43.46,1.0,00_00_00_00
Farmer_Structural_Damage,D&Wp,average,20,01,43.26,1.0,01_00_00_00
Farmer_Structural_Damage,D&Wp,average,20,03,42.83,0.99,03_00_00_00
Farmer_Structural_Damage,D&Wp,average,20,05,36.43,0.84,05_00_00_00
Farmer_Structural_Damage,D&Wp,average,20,07,36.43,0.84,07_00_00_00
Farmer_Structural_Damage,D&Wp,average,20,09,43.46,1.0,09_00_00_00
Farmer_Structural_Damage,D&Wp,average,20,11,43.26,1.0,11_00_00_00
Farmer_Structural_Damage,D&Wp,average,20,13,43.46,1.0,13_00_00_00
Farmer_Structural_Damage,D&Wp,average,60,00,189.64,1.0,00_00_00_00
Farmer_Structural_Damage,D&Wp,average,60,01,172.49,0.91,01_00_00_00
Farmer_Structural_Damage,D&Wp,average,60,03,168.46,0.89,03_00_00_00
Farmer_Structural_Damage,D&Wp,average,60,05,86.96,0.46,05_00_00_00
Farmer_Structural_Damage,D&Wp,average,60,07,85.34,0.45,07_00_00_00
Farmer_Structural_Damage,D&Wp,average,60,09,185.22,0.98,09_00_00_00
Farmer_Structural_Damage,D&Wp,average,60,11,185.24,0.98,11_00_00_00
Farmer_Structural_Damage,D&Wp,average,60,13,145.4,0.77,13_00_00_00
Farmer_Structural_Damage,D&Wp,average,100,00,385.25,1.0,00_00_00_00
Farmer_Structural_Damage,D&Wp,average,100,01,240.92,0.63,01_00_00_00
Farmer_Structural_Damage,D&Wp,average,100,03,244.12,0.63,03_00_00_00
Farmer_Structural_Damage,D&Wp,average,100,05,98.56,0.26,05_00_00_00
Farmer_Structural_Damage,D&Wp,average,100,07,94.25,0.24,07_00_00_00
Farmer_Structural_Damage,D&Wp,average,100,09,289.5,0.75,09_00_00_00
Farmer_Structural_Damage,D&Wp,average,100,11,297.32,0.77,11_00_00_00
Farmer_Structural_Damage,D&Wp,average,100,13,170.47,0.44,13_00_00_00
Farmer_Structural_Damage,G,average,20,00,43.65,1.0,00_00_00_00
Farmer_Structural_Damage,G,average,20,01,43.18,0.99,01_00_00_00
Farmer_Structural_Damage,G,average,20,03,42.19,0.97,03_00_00_00
Farmer_Structural_Damage,G,average,20,05,27.59,0.63,05_00_00_00
Farmer_Structural_Damage,G,average,20,07,27.59,0.63,07_00_00_00
Farmer_Structural_Damage,G,average,20,09,43.65,1.0,09_00_00_00
Farmer_Structural_Damage,G,average,20,11,43.18,0.99,11_00_00_00
Farmer_Structural_Damage,G,average,20,13,43.65,1.0,13_00_00_00
Farmer_Structural_Damage,G,average,60,00,171.45,1.0,00_00_00_00
Farmer_Structural_Damage,G,average,60,01,164.6,0.96,01_00_00_00
Farmer_Structural_Damage,G,average,60,03,161.81,0.94,03_00_00_00
Farmer_Structural_Damage,G,average,60,05,80.26,0.47,05_00_00_00
Farmer_Structural_Damage,G,average,60,07,76.91,0.45,07_00_00_00
Farmer_Structural_Damage,G,average,60,09,167.51,0.98,09_00_00_00
Farmer_Structural_Damage,G,average,60,11,168.54,0.98,11_00_00_00
Farmer_Structural_Damage,G,average,60,13,128.55,0.75,13_00_00_00
Farmer_Structural_Damage,G,average,100,00,309.74,1.0,00_00_00_00
Farmer_Structural_Damage,G,average,100,01,258.45,0.83,01_00_00_00
Farmer_Structural_Damage,G,average,100,03,253.56,0.82,03_00_00_00
Farmer_Structural_Damage,G,average,100,05,99.4,0.32,05_00_00_00
Farmer_Structural_Damage,G,average,100,07,96.06,0.31,07_00_00_00
Farmer_Structural_Damage,G,average,100,09,281.06,0.91,09_00_00_00
Farmer_Structural_Damage,G,average,100,11,284.01,0.92,11_00_00_00
Farmer_Structural_Damage,G,average,100,13,183.06,0.59,13_00_00_00
Farmer_Structural_Damage,G&Wp,average,20,00,46.62,1.0,00_00_00_00
Farmer_Structural_Damage,G&Wp,average,20,01,46.27,0.99,01_00_00_00
Farmer_Structural_Damage,G&Wp,average,20,03,45.57,0.98,03_00_00_00
Farmer_Structural_Damage,G&Wp,average,20,05,35.12,0.75,05_00_00_00
Farmer_Structural_Damage,G&Wp,average,20,07,35.12,0.75,07_00_00_00
Farmer_Structural_Damage,G&Wp,average,20,09,46.62,1.0,09_00_00_00
Farmer_Structural_Damage,G&Wp,average,20,11,46.27,0.99,11_00_00_00
Farmer_Structural_Damage,G&Wp,average,20,13,46.62,1.0,13_00_00_00
Farmer_Structural_Damage,G&Wp,average,60,00,209.72,1.0,00_00_00_00
Farmer_Structural_Damage,G&Wp,average,60,01,190.49,0.91,01_00_00_00
Farmer_Structural_Damage,G&Wp,average,60,03,186.98,0.89,03_00_00_00
Farmer_Structural_Damage,G&Wp,average,60,05,91.6,0.44,05_00_00_00
Farmer_Structural_Damage,G&Wp,average,60,07,89.93,0.43,07_00_00_00
Farmer_Structural_Damage,G&Wp,average,60,09,203.66,0.97,09_00_00_00
Farmer_Structural_Damage,G&Wp,average,60,11,204.88,0.98,11_00_00_00
Farmer_Structural_Damage,G&Wp,average,60,13,147.44,0.7,13_00_00_00
Farmer_Structural_Damage,G&Wp,average,100,00,440.86,1.0,00_00_00_00
Farmer_Structural_Damage,G&Wp,average,100,01,275.43,0.62,01_00_00_00
Farmer_Structural_Damage,G&Wp,average,100,03,279.14,0.63,03_00_00_00
Farmer_Structural_Damage,G&Wp,average,100,05,105.32,0.24,05_00_00_00
Farmer_Structural_Damage,G&Wp,average,100,07,100.96,0.23,07_00_00_00
Farmer_Structural_Damage,G&Wp,average,100,09,332.72,0.75,09_00_00_00
Farmer_Structural_Damage,G&Wp,average,100,11,342.32,0.78,11_00_00_00
Farmer_Structural_Damage,G&Wp,average,100,13,177.81,0.4,13_00_00_00
Farmer_Structural_Damage,Wp,average,20,00,49.58,1.0,00_00_00_00
Farmer_Structural_Damage,Wp,average,20,01,49.36,1.0,01_00_00_00
Farmer_Structural_Damage,Wp,average,20,03,48.94,0.99,03_00_00_00
Farmer_Structural_Damage,Wp,average,20,05,42.66,0.86,05_00_00_00
Farmer_Structural_Damage,Wp,average,20,07,42.66,0.86,07_00_00_00
Farmer_Structural_Damage,Wp,average,20,09,49.58,1.0,09_00_00_00
Farmer_Structural_Damage,Wp,average,20,11,49.36,1.0,11_00_00_00
Farmer_Structural_Damage,Wp,average,20,13,49.58,1.0,13_00_00_00
Farmer_Structural_Damage,Wp,average,60,00,248.0,1.0,00_00_00_00
Farmer_Structural_Damage,Wp,average,60,01,216.38,0.87,01_00_00_00
Farmer_Structural_Damage,Wp,average,60,03,212.16,0.86,03_00_00_00
Farmer_Structural_Damage,Wp,average,60,05,102.94,0.42,05_00_00_00
Farmer_Structural_Damage,Wp,average,60,07,102.94,0.42,07_00_00_00
Farmer_Structural_Damage,Wp,average,60,09,239.81,0.97,09_00_00_00
Farmer_Structural_Damage,Wp,average,60,11,241.21,0.97,11_00_00_00
Farmer_Structural_Damage,Wp,average,60,13,166.34,0.67,13_00_00_00
Farmer_Structural_Damage,Wp,average,100,00,571.97,1.0,00_00_00_00
Farmer_Structural_Damage,Wp,average,100,01,292.41,0.51,01_00_00_00
Farmer_Structural_Damage,Wp,average,100,03,304.72,0.53,03_00_00_00
Farmer_Structural_Damage,Wp,average,100,05,111.25,0.19,05_00_00_00
Farmer_Structural_Damage,Wp,average,100,07,105.87,0.19,07_00_00_00
Farmer_Structural_Damage,Wp,average,100,09,384.36,0.67,09_00_00_00
Farmer_Structural_Damage,Wp,average,100,11,400.63,0.7,11_00_00_00
Farmer_Structural_Damage,Wp,average,100,13,172.56,0.3,13_00_00_00
