objective_parameter,scenario_of_interest,robustness_metric,year,drought_shp,Value,normalized_values,pw_combi
Shipping_Economic_Loss,D,average,20,00,2222.67,1.0,00_00_00_00
Shipping_Economic_Loss,D,average,20,01,1778.47,0.8,00_00_00_01
Shipping_Economic_Loss,D,average,20,02,1927.01,0.87,00_00_00_02
Shipping_Economic_Loss,D,average,20,04,1306.19,0.59,00_00_00_04
Shipping_Economic_Loss,D,average,20,05,1306.19,0.59,00_00_00_05
Shipping_Economic_Loss,D,average,20,07,1036.06,0.47,00_00_00_07
Shipping_Economic_Loss,D,average,20,08,1036.06,0.47,00_00_00_08
Shipping_Economic_Loss,D,average,20,09,1036.06,0.47,00_00_00_09
Shipping_Economic_Loss,D,average,60,00,5633.81,1.0,00_00_00_00
Shipping_Economic_Loss,D,average,60,01,3252.57,0.58,00_00_00_01
Shipping_Economic_Loss,D,average,60,02,4826.48,0.86,00_00_00_02
Shipping_Economic_Loss,D,average,60,04,4482.34,0.8,00_00_00_04
Shipping_Economic_Loss,D,average,60,05,3413.3,0.61,00_00_00_05
Shipping_Economic_Loss,D,average,60,07,1609.95,0.29,00_00_00_07
Shipping_Economic_Loss,D,average,60,08,1609.95,0.29,00_00_00_08
Shipping_Economic_Loss,D,average,60,09,1609.95,0.29,00_00_00_09
Shipping_Economic_Loss,D,average,100,00,9008.08,1.0,00_00_00_00
Shipping_Economic_Loss,D,average,100,01,4697.41,0.52,00_00_00_01
Shipping_Economic_Loss,D,average,100,02,7694.61,0.85,00_00_00_02
Shipping_Economic_Loss,D,average,100,04,7528.46,0.84,00_00_00_04
Shipping_Economic_Loss,D,average,100,05,4970.8,0.55,00_00_00_05
Shipping_Economic_Loss,D,average,100,07,2167.41,0.24,00_00_00_07
Shipping_Economic_Loss,D,average,100,08,2167.41,0.24,00_00_00_08
Shipping_Economic_Loss,D,average,100,09,2167.41,0.24,00_00_00_09
Shipping_Economic_Loss,D&G,average,20,00,2207.88,1.0,00_00_00_00
Shipping_Economic_Loss,D&G,average,20,01,1768.47,0.8,00_00_00_01
Shipping_Economic_Loss,D&G,average,20,02,1915.05,0.87,00_00_00_02
Shipping_Economic_Loss,D&G,average,20,04,1296.84,0.59,00_00_00_04
Shipping_Economic_Loss,D&G,average,20,05,1296.84,0.59,00_00_00_05
Shipping_Economic_Loss,D&G,average,20,07,1030.64,0.47,00_00_00_07
Shipping_Economic_Loss,D&G,average,20,08,1030.64,0.47,00_00_00_08
Shipping_Economic_Loss,D&G,average,20,09,1030.64,0.47,00_00_00_09
Shipping_Economic_Loss,D&G,average,60,00,5514.99,1.0,00_00_00_00
Shipping_Economic_Loss,D&G,average,60,01,3197.46,0.58,00_00_00_01
Shipping_Economic_Loss,D&G,average,60,02,4726.09,0.86,00_00_00_02
Shipping_Economic_Loss,D&G,average,60,04,4438.28,0.81,00_00_00_04
Shipping_Economic_Loss,D&G,average,60,05,3682.0,0.67,00_00_00_05
Shipping_Economic_Loss,D&G,average,60,07,1575.61,0.29,00_00_00_07
Shipping_Economic_Loss,D&G,average,60,08,1575.61,0.29,00_00_00_08
Shipping_Economic_Loss,D&G,average,60,09,1575.61,0.29,00_00_00_09
Shipping_Economic_Loss,D&G,average,100,00,8685.81,1.0,00_00_00_00
Shipping_Economic_Loss,D&G,average,100,01,4546.18,0.52,00_00_00_01
Shipping_Economic_Loss,D&G,average,100,02,7421.29,0.85,00_00_00_02
Shipping_Economic_Loss,D&G,average,100,04,7353.39,0.85,00_00_00_04
Shipping_Economic_Loss,D&G,average,100,05,5431.39,0.63,00_00_00_05
Shipping_Economic_Loss,D&G,average,100,07,2080.07,0.24,00_00_00_07
Shipping_Economic_Loss,D&G,average,100,08,2080.07,0.24,00_00_00_08
Shipping_Economic_Loss,D&G,average,100,09,2080.07,0.24,00_00_00_09
Shipping_Economic_Loss,D&G&Wp,average,20,00,2263.12,1.0,00_00_00_00
Shipping_Economic_Loss,D&G&Wp,average,20,01,1791.53,0.79,00_00_00_01
Shipping_Economic_Loss,D&G&Wp,average,20,02,1954.46,0.86,00_00_00_02
Shipping_Economic_Loss,D&G&Wp,average,20,04,1319.34,0.58,00_00_00_04
Shipping_Economic_Loss,D&G&Wp,average,20,05,1319.34,0.58,00_00_00_05
Shipping_Economic_Loss,D&G&Wp,average,20,07,1042.08,0.46,00_00_00_07
Shipping_Economic_Loss,D&G&Wp,average,20,08,1042.08,0.46,00_00_00_08
Shipping_Economic_Loss,D&G&Wp,average,20,09,1042.08,0.46,00_00_00_09
Shipping_Economic_Loss,D&G&Wp,average,60,00,6053.8,1.0,00_00_00_00
Shipping_Economic_Loss,D&G&Wp,average,60,01,3147.36,0.52,00_00_00_01
Shipping_Economic_Loss,D&G&Wp,average,60,02,4622.3,0.76,00_00_00_02
Shipping_Economic_Loss,D&G&Wp,average,60,04,4301.07,0.71,00_00_00_04
Shipping_Economic_Loss,D&G&Wp,average,60,05,3533.35,0.59,00_00_00_05
Shipping_Economic_Loss,D&G&Wp,average,60,07,1765.73,0.29,00_00_00_07
Shipping_Economic_Loss,D&G&Wp,average,60,08,1765.73,0.29,00_00_00_08
Shipping_Economic_Loss,D&G&Wp,average,60,09,1765.73,0.29,00_00_00_09
Shipping_Economic_Loss,D&G&Wp,average,100,00,10399.54,1.0,00_00_00_00
Shipping_Economic_Loss,D&G&Wp,average,100,01,4597.91,0.44,00_00_00_01
Shipping_Economic_Loss,D&G&Wp,average,100,02,6970.5,0.67,00_00_00_02
Shipping_Economic_Loss,D&G&Wp,average,100,04,6795.88,0.65,00_00_00_04
Shipping_Economic_Loss,D&G&Wp,average,100,05,5348.31,0.52,00_00_00_05
Shipping_Economic_Loss,D&G&Wp,average,100,07,2750.73,0.26,00_00_00_07
Shipping_Economic_Loss,D&G&Wp,average,100,08,2750.73,0.26,00_00_00_08
Shipping_Economic_Loss,D&G&Wp,average,100,09,2750.73,0.26,00_00_00_09
Shipping_Economic_Loss,D&Wp,average,20,00,2298.12,1.0,00_00_00_00
Shipping_Economic_Loss,D&Wp,average,20,01,1808.06,0.79,00_00_00_01
Shipping_Economic_Loss,D&Wp,average,20,02,1980.14,0.86,00_00_00_02
Shipping_Economic_Loss,D&Wp,average,20,04,1335.26,0.58,00_00_00_04
Shipping_Economic_Loss,D&Wp,average,20,05,1335.26,0.58,00_00_00_05
Shipping_Economic_Loss,D&Wp,average,20,07,1050.49,0.46,00_00_00_07
Shipping_Economic_Loss,D&Wp,average,20,08,1050.49,0.46,00_00_00_08
Shipping_Economic_Loss,D&Wp,average,20,09,1050.49,0.46,00_00_00_09
Shipping_Economic_Loss,D&Wp,average,60,00,6382.62,1.0,00_00_00_00
Shipping_Economic_Loss,D&Wp,average,60,01,3149.87,0.49,00_00_00_01
Shipping_Economic_Loss,D&Wp,average,60,02,4620.6,0.72,00_00_00_02
Shipping_Economic_Loss,D&Wp,average,60,04,4254.5,0.67,00_00_00_04
Shipping_Economic_Loss,D&Wp,average,60,05,3324.68,0.52,00_00_00_05
Shipping_Economic_Loss,D&Wp,average,60,07,1877.95,0.29,00_00_00_07
Shipping_Economic_Loss,D&Wp,average,60,08,1877.95,0.29,00_00_00_08
Shipping_Economic_Loss,D&Wp,average,60,09,1877.95,0.29,00_00_00_09
Shipping_Economic_Loss,D&Wp,average,100,00,11417.54,1.0,00_00_00_00
Shipping_Economic_Loss,D&Wp,average,100,01,4699.38,0.41,00_00_00_01
Shipping_Economic_Loss,D&Wp,average,100,02,6881.76,0.6,00_00_00_02
Shipping_Economic_Loss,D&Wp,average,100,04,6604.65,0.58,00_00_00_04
Shipping_Economic_Loss,D&Wp,average,100,05,5076.48,0.44,00_00_00_05
Shipping_Economic_Loss,D&Wp,average,100,07,3129.73,0.27,00_00_00_07
Shipping_Economic_Loss,D&Wp,average,100,08,3129.73,0.27,00_00_00_08
Shipping_Economic_Loss,D&Wp,average,100,09,3129.73,0.27,00_00_00_09
Shipping_Economic_Loss,G,average,20,00,2193.1,1.0,00_00_00_00
Shipping_Economic_Loss,G,average,20,01,1758.48,0.8,00_00_00_01
Shipping_Economic_Loss,G,average,20,02,1903.09,0.87,00_00_00_02
Shipping_Economic_Loss,G,average,20,04,1287.49,0.59,00_00_00_04
Shipping_Economic_Loss,G,average,20,05,1287.49,0.59,00_00_00_05
Shipping_Economic_Loss,G,average,20,07,1025.23,0.47,00_00_00_07
Shipping_Economic_Loss,G,average,20,08,1025.23,0.47,00_00_00_08
Shipping_Economic_Loss,G,average,20,09,1025.23,0.47,00_00_00_09
Shipping_Economic_Loss,G,average,60,00,5396.17,1.0,00_00_00_00
Shipping_Economic_Loss,G,average,60,01,3142.35,0.58,00_00_00_01
Shipping_Economic_Loss,G,average,60,02,4625.71,0.86,00_00_00_02
Shipping_Economic_Loss,G,average,60,04,4394.22,0.81,00_00_00_04
Shipping_Economic_Loss,G,average,60,05,3950.7,0.73,00_00_00_05
Shipping_Economic_Loss,G,average,60,07,1541.28,0.29,00_00_00_07
Shipping_Economic_Loss,G,average,60,08,1541.28,0.29,00_00_00_08
Shipping_Economic_Loss,G,average,60,09,1541.28,0.29,00_00_00_09
Shipping_Economic_Loss,G,average,100,00,8363.54,1.0,00_00_00_00
Shipping_Economic_Loss,G,average,100,01,4394.96,0.53,00_00_00_01
Shipping_Economic_Loss,G,average,100,02,7147.97,0.86,00_00_00_02
Shipping_Economic_Loss,G,average,100,04,7178.32,0.86,00_00_00_04
Shipping_Economic_Loss,G,average,100,05,5891.98,0.7,00_00_00_05
Shipping_Economic_Loss,G,average,100,07,1992.73,0.24,00_00_00_07
Shipping_Economic_Loss,G,average,100,08,1992.73,0.24,00_00_00_08
Shipping_Economic_Loss,G,average,100,09,1992.73,0.24,00_00_00_09
Shipping_Economic_Loss,G&Wp,average,20,00,2283.34,1.0,00_00_00_00
Shipping_Economic_Loss,G&Wp,average,20,01,1798.06,0.79,00_00_00_01
Shipping_Economic_Loss,G&Wp,average,20,02,1968.18,0.86,00_00_00_02
Shipping_Economic_Loss,G&Wp,average,20,04,1325.92,0.58,00_00_00_04
Shipping_Economic_Loss,G&Wp,average,20,05,1325.92,0.58,00_00_00_05
Shipping_Economic_Loss,G&Wp,average,20,07,1045.07,0.46,00_00_00_07
Shipping_Economic_Loss,G&Wp,average,20,08,1045.07,0.46,00_00_00_08
Shipping_Economic_Loss,G&Wp,average,20,09,1045.07,0.46,00_00_00_09
Shipping_Economic_Loss,G&Wp,average,60,00,6263.79,1.0,00_00_00_00
Shipping_Economic_Loss,G&Wp,average,60,01,3094.76,0.49,00_00_00_01
Shipping_Economic_Loss,G&Wp,average,60,02,4520.22,0.72,00_00_00_02
Shipping_Economic_Loss,G&Wp,average,60,04,4210.44,0.67,00_00_00_04
Shipping_Economic_Loss,G&Wp,average,60,05,3593.38,0.57,00_00_00_05
Shipping_Economic_Loss,G&Wp,average,60,07,1843.62,0.29,00_00_00_07
Shipping_Economic_Loss,G&Wp,average,60,08,1843.62,0.29,00_00_00_08
Shipping_Economic_Loss,G&Wp,average,60,09,1843.62,0.29,00_00_00_09
Shipping_Economic_Loss,G&Wp,average,100,00,11095.26,1.0,00_00_00_00
Shipping_Economic_Loss,G&Wp,average,100,01,4548.16,0.41,00_00_00_01
Shipping_Economic_Loss,G&Wp,average,100,02,6608.44,0.6,00_00_00_02
Shipping_Economic_Loss,G&Wp,average,100,04,6429.58,0.58,00_00_00_04
Shipping_Economic_Loss,G&Wp,average,100,05,5537.07,0.5,00_00_00_05
Shipping_Economic_Loss,G&Wp,average,100,07,3042.39,0.27,00_00_00_07
Shipping_Economic_Loss,G&Wp,average,100,08,3042.39,0.27,00_00_00_08
Shipping_Economic_Loss,G&Wp,average,100,09,3042.39,0.27,00_00_00_09
Shipping_Economic_Loss,Wp,average,20,00,2373.57,1.0,00_00_00_00
Shipping_Economic_Loss,Wp,average,20,01,1837.66,0.77,00_00_00_01
Shipping_Economic_Loss,Wp,average,20,02,2033.26,0.86,00_00_00_02
Shipping_Economic_Loss,Wp,average,20,04,1364.34,0.57,00_00_00_04
Shipping_Economic_Loss,Wp,average,20,05,1364.34,0.57,00_00_00_05
Shipping_Economic_Loss,Wp,average,20,07,1064.93,0.45,00_00_00_07
Shipping_Economic_Loss,Wp,average,20,08,1064.93,0.45,00_00_00_08
Shipping_Economic_Loss,Wp,average,20,09,1064.93,0.45,00_00_00_09
Shipping_Economic_Loss,Wp,average,60,00,7131.43,1.0,00_00_00_00
Shipping_Economic_Loss,Wp,average,60,01,3047.17,0.43,00_00_00_01
Shipping_Economic_Loss,Wp,average,60,02,4414.72,0.62,00_00_00_02
Shipping_Economic_Loss,Wp,average,60,04,4026.66,0.56,00_00_00_04
Shipping_Economic_Loss,Wp,average,60,05,3236.06,0.45,00_00_00_05
Shipping_Economic_Loss,Wp,average,60,07,2145.95,0.3,00_00_00_07
Shipping_Economic_Loss,Wp,average,60,08,2145.95,0.3,00_00_00_08
Shipping_Economic_Loss,Wp,average,60,09,2145.95,0.3,00_00_00_09
Shipping_Economic_Loss,Wp,average,100,00,13826.99,1.0,00_00_00_00
Shipping_Economic_Loss,Wp,average,100,01,4701.35,0.34,00_00_00_01
Shipping_Economic_Loss,Wp,average,100,02,6068.91,0.44,00_00_00_02
Shipping_Economic_Loss,Wp,average,100,04,5680.84,0.41,00_00_00_04
Shipping_Economic_Loss,Wp,average,100,05,5182.15,0.38,00_00_00_05
Shipping_Economic_Loss,Wp,average,100,07,4092.05,0.3,00_00_00_07
Shipping_Economic_Loss,Wp,average,100,08,4092.05,0.3,00_00_00_08
Shipping_Economic_Loss,Wp,average,100,09,4092.05,0.3,00_00_00_09
Shipping_Measure_Costs,D,average,20,00,0.0,0.0,00_00_00_00
Shipping_Measure_Costs,D,average,20,01,545.88,0.42,00_00_00_01
Shipping_Measure_Costs,D,average,20,02,16.22,0.01,00_00_00_02
Shipping_Measure_Costs,D,average,20,04,41.08,0.03,00_00_00_04
Shipping_Measure_Costs,D,average,20,05,41.08,0.03,00_00_00_05
Shipping_Measure_Costs,D,average,20,07,1230.29,0.95,00_00_00_07
Shipping_Measure_Costs,D,average,20,08,1230.29,0.95,00_00_00_08
Shipping_Measure_Costs,D,average,20,09,1230.29,0.95,00_00_00_09
Shipping_Measure_Costs,D,average,60,00,0.0,0.0,00_00_00_00
Shipping_Measure_Costs,D,average,60,01,1088.6,0.51,00_00_00_01
Shipping_Measure_Costs,D,average,60,02,87.69,0.04,00_00_00_02
Shipping_Measure_Costs,D,average,60,04,148.18,0.07,00_00_00_04
Shipping_Measure_Costs,D,average,60,05,1083.84,0.51,00_00_00_05
Shipping_Measure_Costs,D,average,60,07,1972.55,0.92,00_00_00_07
Shipping_Measure_Costs,D,average,60,08,1972.55,0.92,00_00_00_08
Shipping_Measure_Costs,D,average,60,09,1972.55,0.92,00_00_00_09
Shipping_Measure_Costs,D,average,100,00,0.0,0.0,00_00_00_00
Shipping_Measure_Costs,D,average,100,01,1545.95,0.47,00_00_00_01
Shipping_Measure_Costs,D,average,100,02,160.17,0.05,00_00_00_02
Shipping_Measure_Costs,D,average,100,04,256.63,0.08,00_00_00_04
Shipping_Measure_Costs,D,average,100,05,1657.84,0.5,00_00_00_05
Shipping_Measure_Costs,D,average,100,07,2714.81,0.82,00_00_00_07
Shipping_Measure_Costs,D,average,100,08,2714.81,0.82,00_00_00_08
Shipping_Measure_Costs,D,average,100,09,2714.81,0.82,00_00_00_09
Shipping_Measure_Costs,D&G,average,20,00,0.0,0.0,00_00_00_00
Shipping_Measure_Costs,D&G,average,20,01,545.88,0.42,00_00_00_01
Shipping_Measure_Costs,D&G,average,20,02,16.22,0.01,00_00_00_02
Shipping_Measure_Costs,D&G,average,20,04,41.08,0.03,00_00_00_04
Shipping_Measure_Costs,D&G,average,20,05,41.08,0.03,00_00_00_05
Shipping_Measure_Costs,D&G,average,20,07,1230.29,0.95,00_00_00_07
Shipping_Measure_Costs,D&G,average,20,08,1230.29,0.95,00_00_00_08
Shipping_Measure_Costs,D&G,average,20,09,1230.29,0.95,00_00_00_09
Shipping_Measure_Costs,D&G,average,60,00,0.0,0.0,00_00_00_00
Shipping_Measure_Costs,D&G,average,60,01,1087.67,0.51,00_00_00_01
Shipping_Measure_Costs,D&G,average,60,02,87.57,0.04,00_00_00_02
Shipping_Measure_Costs,D&G,average,60,04,146.45,0.07,00_00_00_04
Shipping_Measure_Costs,D&G,average,60,05,830.9,0.38,00_00_00_05
Shipping_Measure_Costs,D&G,average,60,07,1972.55,0.92,00_00_00_07
Shipping_Measure_Costs,D&G,average,60,08,1972.55,0.92,00_00_00_08
Shipping_Measure_Costs,D&G,average,60,09,1972.55,0.92,00_00_00_09
Shipping_Measure_Costs,D&G,average,100,00,0.0,0.0,00_00_00_00
Shipping_Measure_Costs,D&G,average,100,01,1545.02,0.47,00_00_00_01
Shipping_Measure_Costs,D&G,average,100,02,160.05,0.05,00_00_00_02
Shipping_Measure_Costs,D&G,average,100,04,253.5,0.08,00_00_00_04
Shipping_Measure_Costs,D&G,average,100,05,1361.28,0.41,00_00_00_05
Shipping_Measure_Costs,D&G,average,100,07,2714.81,0.82,00_00_00_07
Shipping_Measure_Costs,D&G,average,100,08,2714.81,0.82,00_00_00_08
Shipping_Measure_Costs,D&G,average,100,09,2714.81,0.82,00_00_00_09
Shipping_Measure_Costs,D&G&Wp,average,20,00,0.0,0.0,00_00_00_00
Shipping_Measure_Costs,D&G&Wp,average,20,01,580.57,0.45,00_00_00_01
Shipping_Measure_Costs,D&G&Wp,average,20,02,16.78,0.01,00_00_00_02
Shipping_Measure_Costs,D&G&Wp,average,20,04,41.5,0.03,00_00_00_04
Shipping_Measure_Costs,D&G&Wp,average,20,05,41.5,0.03,00_00_00_05
Shipping_Measure_Costs,D&G&Wp,average,20,07,1233.38,0.95,00_00_00_07
Shipping_Measure_Costs,D&G&Wp,average,20,08,1233.38,0.95,00_00_00_08
Shipping_Measure_Costs,D&G&Wp,average,20,09,1233.38,0.95,00_00_00_09
Shipping_Measure_Costs,D&G&Wp,average,60,00,0.0,0.0,00_00_00_00
Shipping_Measure_Costs,D&G&Wp,average,60,01,1293.54,0.6,00_00_00_01
Shipping_Measure_Costs,D&G&Wp,average,60,02,537.48,0.25,00_00_00_02
Shipping_Measure_Costs,D&G&Wp,average,60,04,576.83,0.27,00_00_00_04
Shipping_Measure_Costs,D&G&Wp,average,60,05,1103.91,0.51,00_00_00_05
Shipping_Measure_Costs,D&G&Wp,average,60,07,1975.64,0.92,00_00_00_07
Shipping_Measure_Costs,D&G&Wp,average,60,08,1975.64,0.92,00_00_00_08
Shipping_Measure_Costs,D&G&Wp,average,60,09,1975.64,0.92,00_00_00_09
Shipping_Measure_Costs,D&G&Wp,average,100,00,0.0,0.0,00_00_00_00
Shipping_Measure_Costs,D&G&Wp,average,100,01,1849.86,0.56,00_00_00_01
Shipping_Measure_Costs,D&G&Wp,average,100,02,870.82,0.26,00_00_00_02
Shipping_Measure_Costs,D&G&Wp,average,100,04,933.22,0.28,00_00_00_04
Shipping_Measure_Costs,D&G&Wp,average,100,05,1738.51,0.53,00_00_00_05
Shipping_Measure_Costs,D&G&Wp,average,100,07,2717.9,0.82,00_00_00_07
Shipping_Measure_Costs,D&G&Wp,average,100,08,2717.9,0.82,00_00_00_08
Shipping_Measure_Costs,D&G&Wp,average,100,09,2717.9,0.82,00_00_00_09
Shipping_Measure_Costs,D&Wp,average,20,00,0.0,0.0,00_00_00_00
Shipping_Measure_Costs,D&Wp,average,20,01,597.91,0.46,00_00_00_01
Shipping_Measure_Costs,D&Wp,average,20,02,17.05,0.01,00_00_00_02
Shipping_Measure_Costs,D&Wp,average,20,04,41.71,0.03,00_00_00_04
Shipping_Measure_Costs,D&Wp,average,20,05,41.71,0.03,00_00_00_05
Shipping_Measure_Costs,D&Wp,average,20,07,1234.93,0.95,00_00_00_07
Shipping_Measure_Costs,D&Wp,average,20,08,1234.93,0.95,00_00_00_08
Shipping_Measure_Costs,D&Wp,average,20,09,1234.93,0.95,00_00_00_09
Shipping_Measure_Costs,D&Wp,average,60,00,0.0,0.0,00_00_00_00
Shipping_Measure_Costs,D&Wp,average,60,01,1396.94,0.65,00_00_00_01
Shipping_Measure_Costs,D&Wp,average,60,02,762.49,0.35,00_00_00_02
Shipping_Measure_Costs,D&Wp,average,60,04,792.89,0.37,00_00_00_04
Shipping_Measure_Costs,D&Wp,average,60,05,1366.88,0.64,00_00_00_05
Shipping_Measure_Costs,D&Wp,average,60,07,1977.19,0.92,00_00_00_07
Shipping_Measure_Costs,D&Wp,average,60,08,1977.19,0.92,00_00_00_08
Shipping_Measure_Costs,D&Wp,average,60,09,1977.19,0.92,00_00_00_09
Shipping_Measure_Costs,D&Wp,average,100,00,0.0,0.0,00_00_00_00
Shipping_Measure_Costs,D&Wp,average,100,01,2002.75,0.61,00_00_00_01
Shipping_Measure_Costs,D&Wp,average,100,02,1226.26,0.37,00_00_00_02
Shipping_Measure_Costs,D&Wp,average,100,04,1274.64,0.39,00_00_00_04
Shipping_Measure_Costs,D&Wp,average,100,05,2075.4,0.63,00_00_00_05
Shipping_Measure_Costs,D&Wp,average,100,07,2719.45,0.82,00_00_00_07
Shipping_Measure_Costs,D&Wp,average,100,08,2719.45,0.82,00_00_00_08
Shipping_Measure_Costs,D&Wp,average,100,09,2719.45,0.82,00_00_00_09
Shipping_Measure_Costs,G,average,20,00,0.0,0.0,00_00_00_00
Shipping_Measure_Costs,G,average,20,01,545.88,0.42,00_00_00_01
Shipping_Measure_Costs,G,average,20,02,16.22,0.01,00_00_00_02
Shipping_Measure_Costs,G,average,20,04,41.08,0.03,00_00_00_04
Shipping_Measure_Costs,G,average,20,05,41.08,0.03,00_00_00_05
Shipping_Measure_Costs,G,average,20,07,1230.29,0.95,00_00_00_07
Shipping_Measure_Costs,G,average,20,08,1230.29,0.95,00_00_00_08
Shipping_Measure_Costs,G,average,20,09,1230.29,0.95,00_00_00_09
Shipping_Measure_Costs,G,average,60,00,0.0,0.0,00_00_00_00
Shipping_Measure_Costs,G,average,60,01,1086.74,0.51,00_00_00_01
Shipping_Measure_Costs,G,average,60,02,87.44,0.04,00_00_00_02
Shipping_Measure_Costs,G,average,60,04,144.73,0.07,00_00_00_04
Shipping_Measure_Costs,G,average,60,05,577.95,0.27,00_00_00_05
Shipping_Measure_Costs,G,average,60,07,1972.55,0.92,00_00_00_07
Shipping_Measure_Costs,G,average,60,08,1972.55,0.92,00_00_00_08
Shipping_Measure_Costs,G,average,60,09,1972.55,0.92,00_00_00_09
Shipping_Measure_Costs,G,average,100,00,0.0,0.0,00_00_00_00
Shipping_Measure_Costs,G,average,100,01,1544.1,0.47,00_00_00_01
Shipping_Measure_Costs,G,average,100,02,159.92,0.05,00_00_00_02
Shipping_Measure_Costs,G,average,100,04,250.37,0.08,00_00_00_04
Shipping_Measure_Costs,G,average,100,05,1064.73,0.32,00_00_00_05
Shipping_Measure_Costs,G,average,100,07,2714.81,0.82,00_00_00_07
Shipping_Measure_Costs,G,average,100,08,2714.81,0.82,00_00_00_08
Shipping_Measure_Costs,G,average,100,09,2714.81,0.82,00_00_00_09
Shipping_Measure_Costs,G&Wp,average,20,00,0.0,0.0,00_00_00_00
Shipping_Measure_Costs,G&Wp,average,20,01,597.91,0.46,00_00_00_01
Shipping_Measure_Costs,G&Wp,average,20,02,17.05,0.01,00_00_00_02
Shipping_Measure_Costs,G&Wp,average,20,04,41.71,0.03,00_00_00_04
Shipping_Measure_Costs,G&Wp,average,20,05,41.71,0.03,00_00_00_05
Shipping_Measure_Costs,G&Wp,average,20,07,1234.93,0.95,00_00_00_07
Shipping_Measure_Costs,G&Wp,average,20,08,1234.93,0.95,00_00_00_08
Shipping_Measure_Costs,G&Wp,average,20,09,1234.93,0.95,00_00_00_09
Shipping_Measure_Costs,G&Wp,average,60,00,0.0,0.0,00_00_00_00
Shipping_Measure_Costs,G&Wp,average,60,01,1396.01,0.65,00_00_00_01
Shipping_Measure_Costs,G&Wp,average,60,02,762.36,0.35,00_00_00_02
Shipping_Measure_Costs,G&Wp,average,60,04,791.16,0.37,00_00_00_04
Shipping_Measure_Costs,G&Wp,average,60,05,1113.94,0.52,00_00_00_05
Shipping_Measure_Costs,G&Wp,average,60,07,1977.19,0.92,00_00_00_07
Shipping_Measure_Costs,G&Wp,average,60,08,1977.19,0.92,00_00_00_08
Shipping_Measure_Costs,G&Wp,average,60,09,1977.19,0.92,00_00_00_09
Shipping_Measure_Costs,G&Wp,average,100,00,0.0,0.0,00_00_00_00
Shipping_Measure_Costs,G&Wp,average,100,01,2001.82,0.61,00_00_00_01
Shipping_Measure_Costs,G&Wp,average,100,02,1226.13,0.37,00_00_00_02
Shipping_Measure_Costs,G&Wp,average,100,04,1271.51,0.39,00_00_00_04
Shipping_Measure_Costs,G&Wp,average,100,05,1778.85,0.54,00_00_00_05
Shipping_Measure_Costs,G&Wp,average,100,07,2719.45,0.82,00_00_00_07
Shipping_Measure_Costs,G&Wp,average,100,08,2719.45,0.82,00_00_00_08
Shipping_Measure_Costs,G&Wp,average,100,09,2719.45,0.82,00_00_00_09
Shipping_Measure_Costs,Wp,average,20,00,0.0,0.0,00_00_00_00
Shipping_Measure_Costs,Wp,average,20,01,649.95,0.5,00_00_00_01
Shipping_Measure_Costs,Wp,average,20,02,17.88,0.01,00_00_00_02
Shipping_Measure_Costs,Wp,average,20,04,42.34,0.03,00_00_00_04
Shipping_Measure_Costs,Wp,average,20,05,42.34,0.03,00_00_00_05
Shipping_Measure_Costs,Wp,average,20,07,1239.57,0.95,00_00_00_07
Shipping_Measure_Costs,Wp,average,20,08,1239.57,0.95,00_00_00_08
Shipping_Measure_Costs,Wp,average,20,09,1239.57,0.95,00_00_00_09
Shipping_Measure_Costs,Wp,average,60,00,0.0,0.0,00_00_00_00
Shipping_Measure_Costs,Wp,average,60,01,1705.28,0.79,00_00_00_01
Shipping_Measure_Costs,Wp,average,60,02,1437.29,0.67,00_00_00_02
Shipping_Measure_Costs,Wp,average,60,04,1437.6,0.67,00_00_00_04
Shipping_Measure_Costs,Wp,average,60,05,1649.92,0.77,00_00_00_05
Shipping_Measure_Costs,Wp,average,60,07,1981.83,0.92,00_00_00_07
Shipping_Measure_Costs,Wp,average,60,08,1981.83,0.92,00_00_00_08
Shipping_Measure_Costs,Wp,average,60,09,1981.83,0.92,00_00_00_09
Shipping_Measure_Costs,Wp,average,100,00,0.0,0.0,00_00_00_00
Shipping_Measure_Costs,Wp,average,100,01,2459.54,0.75,00_00_00_01
Shipping_Measure_Costs,Wp,average,100,02,2292.35,0.69,00_00_00_02
Shipping_Measure_Costs,Wp,average,100,04,2292.66,0.69,00_00_00_04
Shipping_Measure_Costs,Wp,average,100,05,2492.98,0.76,00_00_00_05
Shipping_Measure_Costs,Wp,average,100,07,2724.09,0.83,00_00_00_07
Shipping_Measure_Costs,Wp,average,100,08,2724.09,0.83,00_00_00_08
Shipping_Measure_Costs,Wp,average,100,09,2724.09,0.83,00_00_00_09
